{"cameraMode":{"drawMode":0,"name":"Shaded","section":"Shading Mode"},"sceneLighting":true,"audioPlay":false,"sceneViewState":{"showFog":true,"showMaterialUpdate":false,"showSkybox":true,"showFlares":true,"showImageEffects":true,"showParticleSystems":true,"showVisualEffectGraphs":true,"m_FxEnabled":true},"in2DMode":false,"pivot":{"x":0.7599999904632568,"y":-0.3700000047683716,"z":5.559999942779541},"rotation":{"x":-0.015295809134840966,"y":0.04107989743351936,"z":-0.0006382326828315854,"w":-0.9990490674972534},"size":0.8660253882408142,"orthographic":false}